DATE,COUNTRY,LEAGUE,TYPE,SEASON,HOME_TEAM,AWAY_TEAM,FTR,FTHG,FTAG,HTR,HTHG,HTAG,ETR,ETHG,ETAG,PENR,PENHG,PENAG,H_ST,H_SOG,H_SFG,H_PT,H_COR,H_FL,H_YC,H_RC,A_ST,A_SOG,A_SFG,A_PT,A_COR,A_FL,A_YC,A_RC
2014-08-22,Germany,Bundesliga,LEAGUE,2014/2015,Bayern München,Wolfsburg,H,2,1,H,1,0,N/A,N/A,N/A,N/A,N/A,N/A,17,10,0,60,9,5,0,0,9,4,0,40,3,9,2,0
2014-08-23,Germany,Bundesliga,LEAGUE,2014/2015,Köln,Hamburger SV,D,0,0,D,0,0,N/A,N/A,N/A,N/A,N/A,N/A,10,3,0,46,3,23,2,0,19,4,0,54,6,16,2,0
2014-08-23,Germany,Bundesliga,LEAGUE,2014/2015,Borussia Dortmund,Bayer Leverkusen,A,0,2,A,0,1,N/A,N/A,N/A,N/A,N/A,N/A,11,4,0,59,8,13,1,0,11,2,0,41,4,28,2,0
2014-08-23,Germany,Bundesliga,LEAGUE,2014/2015,Hannover 96,Schalke 04,H,2,1,D,0,0,N/A,N/A,N/A,N/A,N/A,N/A,8,3,0,44,2,12,2,0,12,5,0,56,4,15,1,0
2014-08-23,Germany,Bundesliga,LEAGUE,2014/2015,Eintracht Frankfurt,Freiburg,H,1,0,H,1,0,N/A,N/A,N/A,N/A,N/A,N/A,10,3,0,36,6,17,1,0,13,6,0,64,5,22,3,0
2014-08-23,Germany,Bundesliga,LEAGUE,2014/2015,Hertha BSC,Werder Bremen,D,2,2,H,1,0,N/A,N/A,N/A,N/A,N/A,N/A,19,5,0,54,9,17,1,0,9,5,0,46,5,18,2,0
2014-08-23,Germany,Bundesliga,LEAGUE,2014/2015,Hoffenheim,Augsburg,H,2,0,H,2,0,N/A,N/A,N/A,N/A,N/A,N/A,11,3,0,43,7,19,2,0,12,2,0,57,3,15,3,0
2014-08-24,Germany,Bundesliga,LEAGUE,2014/2015,Borussia M'gladbach,Stuttgart,D,1,1,D,0,0,N/A,N/A,N/A,N/A,N/A,N/A,20,6,0,56,6,8,2,0,7,3,0,44,3,16,1,0
2014-08-24,Germany,Bundesliga,LEAGUE,2014/2015,Paderborn,Mainz 05,D,2,2,D,1,1,N/A,N/A,N/A,N/A,N/A,N/A,10,3,0,39,4,16,2,0,14,4,0,61,3,14,2,0
2014-08-29,Germany,Bundesliga,LEAGUE,2014/2015,Augsburg,Borussia Dortmund,A,2,3,A,0,2,N/A,N/A,N/A,N/A,N/A,N/A,12,3,0,54,3,9,2,0,22,9,0,46,6,12,3,0
2014-08-30,Germany,Bundesliga,LEAGUE,2014/2015,Werder Bremen,Hoffenheim,D,1,1,A,0,1,N/A,N/A,N/A,N/A,N/A,N/A,15,1,0,50,6,20,3,0,12,1,0,50,6,13,0,0
2014-08-30,Germany,Bundesliga,LEAGUE,2014/2015,Wolfsburg,Eintracht Frankfurt,D,2,2,D,1,1,N/A,N/A,N/A,N/A,N/A,N/A,14,11,0,64,4,19,3,0,8,4,0,36,3,11,1,0
2014-08-30,Germany,Bundesliga,LEAGUE,2014/2015,Stuttgart,Köln,A,0,2,A,0,2,N/A,N/A,N/A,N/A,N/A,N/A,14,5,0,68,7,11,1,0,11,5,0,32,4,11,2,0
2014-08-30,Germany,Bundesliga,LEAGUE,2014/2015,Schalke 04,Bayern München,D,1,1,A,0,1,N/A,N/A,N/A,N/A,N/A,N/A,8,4,0,35,1,15,4,0,10,4,0,65,3,15,1,0
2014-08-30,Germany,Bundesliga,LEAGUE,2014/2015,Bayer Leverkusen,Hertha BSC,H,4,2,A,0,1,N/A,N/A,N/A,N/A,N/A,N/A,21,7,0,63,5,11,0,0,3,1,0,37,6,20,1,0
2014-08-30,Germany,Bundesliga,LEAGUE,2014/2015,Hamburger SV,Paderborn,A,0,3,A,0,1,N/A,N/A,N/A,N/A,N/A,N/A,13,4,0,65,8,16,0,0,15,7,0,35,3,16,0,0
2014-08-31,Germany,Bundesliga,LEAGUE,2014/2015,Freiburg,Borussia M'gladbach,D,0,0,D,0,0,N/A,N/A,N/A,N/A,N/A,N/A,18,4,0,56,4,11,1,0,9,3,0,44,5,13,2,0
2014-08-31,Germany,Bundesliga,LEAGUE,2014/2015,Mainz 05,Hannover 96,D,0,0,D,0,0,N/A,N/A,N/A,N/A,N/A,N/A,14,2,0,52,4,12,0,0,11,6,0,48,2,14,1,0
2014-09-12,Germany,Bundesliga,LEAGUE,2014/2015,Bayer Leverkusen,Werder Bremen,D,3,3,D,1,1,N/A,N/A,N/A,N/A,N/A,N/A,26,9,0,56,6,14,4,0,8,5,0,44,4,20,2,0
2014-09-13,Germany,Bundesliga,LEAGUE,2014/2015,Paderborn,Köln,D,0,0,D,0,0,N/A,N/A,N/A,N/A,N/A,N/A,8,4,0,45,5,13,0,0,4,1,0,55,1,18,2,0
2014-09-13,Germany,Bundesliga,LEAGUE,2014/2015,Borussia Dortmund,Freiburg,H,3,1,H,2,0,N/A,N/A,N/A,N/A,N/A,N/A,15,6,0,62,3,9,1,0,4,3,0,38,5,14,4,0
2014-09-13,Germany,Bundesliga,LEAGUE,2014/2015,Borussia M'gladbach,Schalke 04,H,4,1,H,1,0,N/A,N/A,N/A,N/A,N/A,N/A,23,9,0,46,8,15,2,0,10,6,0,54,2,14,3,0
2014-09-13,Germany,Bundesliga,LEAGUE,2014/2015,Hertha BSC,Mainz 05,A,1,3,A,0,1,N/A,N/A,N/A,N/A,N/A,N/A,17,3,0,53,4,21,3,0,7,6,0,47,1,20,3,0
2014-09-13,Germany,Bundesliga,LEAGUE,2014/2015,Bayern München,Stuttgart,H,2,0,H,1,0,N/A,N/A,N/A,N/A,N/A,N/A,14,8,0,67,2,16,1,0,7,0,0,33,4,18,2,0
2014-09-13,Germany,Bundesliga,LEAGUE,2014/2015,Hoffenheim,Wolfsburg,D,1,1,D,0,0,N/A,N/A,N/A,N/A,N/A,N/A,15,6,0,45,4,17,1,0,22,5,0,55,7,17,0,1
2014-09-14,Germany,Bundesliga,LEAGUE,2014/2015,Hannover 96,Hamburger SV,H,2,0,H,2,0,N/A,N/A,N/A,N/A,N/A,N/A,11,4,0,53,4,18,3,0,11,0,0,47,2,16,3,0
2014-09-14,Germany,Bundesliga,LEAGUE,2014/2015,Eintracht Frankfurt,Augsburg,A,0,1,D,0,0,N/A,N/A,N/A,N/A,N/A,N/A,14,5,0,59,5,14,3,0,17,7,0,41,6,21,4,0
2014-09-19,Germany,Bundesliga,LEAGUE,2014/2015,Freiburg,Hertha BSC,D,2,2,D,1,1,N/A,N/A,N/A,N/A,N/A,N/A,15,5,0,52,7,16,0,0,7,2,0,48,6,26,4,1
2014-09-20,Germany,Bundesliga,LEAGUE,2014/2015,Augsburg,Werder Bremen,H,4,2,H,2,1,N/A,N/A,N/A,N/A,N/A,N/A,19,7,0,51,6,13,1,0,13,6,0,49,5,20,4,0
2014-09-20,Germany,Bundesliga,LEAGUE,2014/2015,Mainz 05,Borussia Dortmund,H,2,0,D,0,0,N/A,N/A,N/A,N/A,N/A,N/A,9,5,0,36,1,17,2,0,19,4,0,64,7,18,1,0
2014-09-20,Germany,Bundesliga,LEAGUE,2014/2015,Hamburger SV,Bayern München,D,0,0,D,0,0,N/A,N/A,N/A,N/A,N/A,N/A,4,0,0,26,3,23,4,0,16,3,0,74,9,11,2,0
2014-09-20,Germany,Bundesliga,LEAGUE,2014/2015,Paderborn,Hannover 96,H,2,0,D,0,0,N/A,N/A,N/A,N/A,N/A,N/A,18,4,0,40,7,11,1,0,14,2,0,60,5,13,0,0
2014-09-20,Germany,Bundesliga,LEAGUE,2014/2015,Stuttgart,Hoffenheim,A,0,2,A,0,1,N/A,N/A,N/A,N/A,N/A,N/A,17,2,0,61,9,17,0,0,10,4,0,39,4,21,2,0
2014-09-20,Germany,Bundesliga,LEAGUE,2014/2015,Schalke 04,Eintracht Frankfurt,D,2,2,A,1,2,N/A,N/A,N/A,N/A,N/A,N/A,8,3,0,56,1,15,1,2,15,4,0,44,3,15,2,1
2014-09-21,Germany,Bundesliga,LEAGUE,2014/2015,Wolfsburg,Bayer Leverkusen,H,4,1,H,2,1,N/A,N/A,N/A,N/A,N/A,N/A,17,9,0,64,8,9,1,0,12,1,0,36,3,12,1,1
2014-09-21,Germany,Bundesliga,LEAGUE,2014/2015,Köln,Borussia M'gladbach,D,0,0,D,0,0,N/A,N/A,N/A,N/A,N/A,N/A,10,7,0,38,4,15,2,0,10,1,0,62,3,13,2,0
2014-09-23,Germany,Bundesliga,LEAGUE,2014/2015,Eintracht Frankfurt,Mainz 05,D,2,2,A,1,2,N/A,N/A,N/A,N/A,N/A,N/A,16,8,0,53,9,16,3,0,5,5,0,47,3,24,3,0
2014-09-23,Germany,Bundesliga,LEAGUE,2014/2015,Bayern München,Paderborn,H,4,0,H,2,0,N/A,N/A,N/A,N/A,N/A,N/A,25,9,0,73,9,8,0,0,6,2,0,27,3,7,0,0
2014-09-23,Germany,Bundesliga,LEAGUE,2014/2015,Werder Bremen,Schalke 04,A,0,3,D,0,0,N/A,N/A,N/A,N/A,N/A,N/A,12,4,8,50,6,17,4,0,11,4,5,50,5,16,3,0
2014-09-23,Germany,Bundesliga,LEAGUE,2014/2015,Hoffenheim,Freiburg,D,3,3,A,1,2,N/A,N/A,N/A,N/A,N/A,N/A,18,8,0,60,4,20,3,0,6,4,0,40,3,14,3,1
2014-09-24,Germany,Bundesliga,LEAGUE,2014/2015,Borussia Dortmund,Stuttgart,D,2,2,D,0,0,N/A,N/A,N/A,N/A,N/A,N/A,25,9,0,66,5,11,2,0,10,5,0,34,4,10,2,0
2014-09-24,Germany,Bundesliga,LEAGUE,2014/2015,Borussia M'gladbach,Hamburger SV,H,1,0,H,1,0,N/A,N/A,N/A,N/A,N/A,N/A,21,8,0,50,9,19,1,0,15,1,0,50,9,17,1,0
2014-09-24,Germany,Bundesliga,LEAGUE,2014/2015,Hannover 96,Köln,H,1,0,H,1,0,N/A,N/A,N/A,N/A,N/A,N/A,9,4,0,42,2,9,0,0,10,3,0,58,6,11,2,0
2014-09-24,Germany,Bundesliga,LEAGUE,2014/2015,Bayer Leverkusen,Augsburg,H,1,0,H,1,0,N/A,N/A,N/A,N/A,N/A,N/A,17,3,0,51,6,13,3,0,11,4,0,49,7,13,2,0
2014-09-24,Germany,Bundesliga,LEAGUE,2014/2015,Hertha BSC,Wolfsburg,H,1,0,H,1,0,N/A,N/A,N/A,N/A,N/A,N/A,3,3,0,30,6,15,3,0,13,3,0,70,5,10,2,0
2014-09-26,Germany,Bundesliga,LEAGUE,2014/2015,Mainz 05,Hoffenheim,D,0,0,D,0,0,N/A,N/A,N/A,N/A,N/A,N/A,10,3,0,60,5,13,1,0,13,3,0,40,4,25,2,0
2014-09-27,Germany,Bundesliga,LEAGUE,2014/2015,Stuttgart,Hannover 96,H,1,0,D,0,0,N/A,N/A,N/A,N/A,N/A,N/A,13,6,0,54,8,16,3,0,13,4,0,46,1,16,2,0
2014-09-27,Germany,Bundesliga,LEAGUE,2014/2015,Wolfsburg,Werder Bremen,H,2,1,D,1,1,N/A,N/A,N/A,N/A,N/A,N/A,17,8,0,58,8,11,0,0,8,3,0,42,5,12,0,0
2014-09-27,Germany,Bundesliga,LEAGUE,2014/2015,Köln,Bayern München,A,0,2,A,0,1,N/A,N/A,N/A,N/A,N/A,N/A,8,3,0,22,2,6,0,0,23,8,0,78,11,6,0,0
2014-09-27,Germany,Bundesliga,LEAGUE,2014/2015,Freiburg,Bayer Leverkusen,D,0,0,D,0,0,N/A,N/A,N/A,N/A,N/A,N/A,8,3,0,57,5,21,2,1,16,8,0,43,3,24,4,1
2014-09-27,Germany,Bundesliga,LEAGUE,2014/2015,Paderborn,Borussia M'gladbach,A,1,2,A,0,2,N/A,N/A,N/A,N/A,N/A,N/A,24,8,0,43,9,9,1,0,11,4,0,57,0,18,1,0
2014-09-27,Germany,Bundesliga,LEAGUE,2014/2015,Schalke 04,Borussia Dortmund,H,2,1,H,2,1,N/A,N/A,N/A,N/A,N/A,N/A,11,6,0,45,3,15,1,0,17,5,0,55,9,14,1,0
2014-09-28,Germany,Bundesliga,LEAGUE,2014/2015,Augsburg,Hertha BSC,H,1,0,H,1,0,N/A,N/A,N/A,N/A,N/A,N/A,8,3,0,51,3,19,2,0,10,3,0,49,9,20,4,0
2014-09-28,Germany,Bundesliga,LEAGUE,2014/2015,Hamburger SV,Eintracht Frankfurt,A,1,2,A,0,1,N/A,N/A,N/A,N/A,N/A,N/A,15,6,0,67,8,21,2,0,7,4,0,33,3,18,2,0
2014-10-03,Germany,Bundesliga,LEAGUE,2014/2015,Hertha BSC,Stuttgart,H,3,2,D,1,1,N/A,N/A,N/A,N/A,N/A,N/A,12,9,0,43,3,18,2,0,9,2,0,57,7,15,2,0
2014-10-04,Germany,Bundesliga,LEAGUE,2014/2015,Eintracht Frankfurt,Köln,H,3,2,D,1,1,N/A,N/A,N/A,N/A,N/A,N/A,19,8,0,52,6,10,1,0,12,7,0,48,2,15,1,0
2014-10-04,Germany,Bundesliga,LEAGUE,2014/2015,Bayern München,Hannover 96,H,4,0,H,3,0,N/A,N/A,N/A,N/A,N/A,N/A,23,9,0,70,11,4,0,0,6,3,0,30,1,11,0,0
2014-10-04,Germany,Bundesliga,LEAGUE,2014/2015,Hoffenheim,Schalke 04,H,2,1,H,2,0,N/A,N/A,N/A,N/A,N/A,N/A,20,8,0,41,5,18,3,0,13,3,0,59,3,16,3,1
2014-10-04,Germany,Bundesliga,LEAGUE,2014/2015,Bayer Leverkusen,Paderborn,D,2,2,D,1,1,N/A,N/A,N/A,N/A,N/A,N/A,21,10,0,64,9,25,3,0,8,5,0,36,2,18,3,1
2014-10-04,Germany,Bundesliga,LEAGUE,2014/2015,Borussia Dortmund,Hamburger SV,A,0,1,A,0,1,N/A,N/A,N/A,N/A,N/A,N/A,17,3,0,65,8,10,2,0,10,5,0,35,4,19,4,0
2014-10-04,Germany,Bundesliga,LEAGUE,2014/2015,Werder Bremen,Freiburg,D,1,1,D,1,1,N/A,N/A,N/A,N/A,N/A,N/A,19,7,0,52,10,13,0,0,7,3,0,48,5,14,1,0
2014-10-05,Germany,Bundesliga,LEAGUE,2014/2015,Borussia M'gladbach,Mainz 05,D,1,1,D,1,1,N/A,N/A,N/A,N/A,N/A,N/A,18,10,0,64,2,12,0,0,8,2,0,36,3,12,3,0
2014-10-05,Germany,Bundesliga,LEAGUE,2014/2015,Wolfsburg,Augsburg,H,1,0,D,0,0,N/A,N/A,N/A,N/A,N/A,N/A,15,4,0,54,4,15,0,0,7,1,0,46,1,13,2,0
2014-10-18,Germany,Bundesliga,LEAGUE,2014/2015,Stuttgart,Bayer Leverkusen,D,3,3,A,0,3,N/A,N/A,N/A,N/A,N/A,N/A,13,6,0,52,6,14,3,0,17,6,0,48,7,19,2,0
2014-10-18,Germany,Bundesliga,LEAGUE,2014/2015,Freiburg,Wolfsburg,A,1,2,A,0,1,N/A,N/A,N/A,N/A,N/A,N/A,14,7,0,57,6,11,1,0,15,8,0,43,2,18,1,0
2014-10-18,Germany,Bundesliga,LEAGUE,2014/2015,Bayern München,Werder Bremen,H,6,0,H,4,0,N/A,N/A,N/A,N/A,N/A,N/A,19,6,0,79,10,10,0,0,0,0,0,21,0,12,1,0
2014-10-18,Germany,Bundesliga,LEAGUE,2014/2015,Köln,Borussia Dortmund,H,2,1,H,1,0,N/A,N/A,N/A,N/A,N/A,N/A,6,2,0,35,3,11,1,0,16,3,0,65,6,14,3,0
2014-10-18,Germany,Bundesliga,LEAGUE,2014/2015,Schalke 04,Hertha BSC,H,2,0,H,1,0,N/A,N/A,N/A,N/A,N/A,N/A,8,3,0,45,0,21,1,0,16,5,0,55,5,21,1,0
2014-10-18,Germany,Bundesliga,LEAGUE,2014/2015,Mainz 05,Augsburg,H,2,1,H,2,0,N/A,N/A,N/A,N/A,N/A,N/A,8,6,0,44,4,15,3,0,15,6,0,56,6,14,2,0
2014-10-18,Germany,Bundesliga,LEAGUE,2014/2015,Hannover 96,Borussia M'gladbach,A,0,3,A,0,1,N/A,N/A,N/A,N/A,N/A,N/A,11,4,0,53,7,14,1,0,10,4,0,47,2,16,1,0
2014-10-19,Germany,Bundesliga,LEAGUE,2014/2015,Hamburger SV,Hoffenheim,D,1,1,D,1,1,N/A,N/A,N/A,N/A,N/A,N/A,17,6,0,59,5,15,1,0,9,4,0,41,2,25,3,0
2014-10-19,Germany,Bundesliga,LEAGUE,2014/2015,Paderborn,Eintracht Frankfurt,H,3,1,D,0,0,N/A,N/A,N/A,N/A,N/A,N/A,14,5,0,47,3,10,0,0,11,3,0,53,4,13,1,0
2014-10-24,Germany,Bundesliga,LEAGUE,2014/2015,Werder Bremen,Köln,A,0,1,D,0,0,N/A,N/A,N/A,N/A,N/A,N/A,11,4,0,55,8,19,3,0,10,4,0,45,1,13,0,0
2014-10-25,Germany,Bundesliga,LEAGUE,2014/2015,Borussia Dortmund,Hannover 96,A,0,1,D,0,0,N/A,N/A,N/A,N/A,N/A,N/A,18,4,0,53,14,13,3,0,7,3,0,47,1,18,4,1
2014-10-25,Germany,Bundesliga,LEAGUE,2014/2015,Augsburg,Freiburg,H,2,0,H,1,0,N/A,N/A,N/A,N/A,N/A,N/A,15,4,0,39,2,18,3,0,10,2,0,61,5,13,1,0
2014-10-25,Germany,Bundesliga,LEAGUE,2014/2015,Bayer Leverkusen,Schalke 04,H,1,0,D,0,0,N/A,N/A,N/A,N/A,N/A,N/A,24,6,0,54,8,8,1,1,4,1,0,46,3,17,4,0
2014-10-25,Germany,Bundesliga,LEAGUE,2014/2015,Hoffenheim,Paderborn,H,1,0,D,0,0,N/A,N/A,N/A,N/A,N/A,N/A,19,4,0,56,6,14,2,0,11,1,0,44,4,15,3,0
2014-10-25,Germany,Bundesliga,LEAGUE,2014/2015,Hertha BSC,Hamburger SV,H,3,0,D,0,0,N/A,N/A,N/A,N/A,N/A,N/A,15,6,0,42,4,15,0,0,10,3,0,58,1,21,2,0
2014-10-25,Germany,Bundesliga,LEAGUE,2014/2015,Eintracht Frankfurt,Stuttgart,A,4,5,A,1,2,N/A,N/A,N/A,N/A,N/A,N/A,20,12,0,51,3,17,5,1,20,10,0,49,9,18,3,0
2014-10-26,Germany,Bundesliga,LEAGUE,2014/2015,Borussia M'gladbach,Bayern München,D,0,0,D,0,0,N/A,N/A,N/A,N/A,N/A,N/A,11,5,0,28,4,8,1,0,20,5,0,72,10,11,3,0
2014-10-26,Germany,Bundesliga,LEAGUE,2014/2015,Wolfsburg,Mainz 05,H,3,0,H,1,0,N/A,N/A,N/A,N/A,N/A,N/A,24,12,0,53,10,16,1,0,16,4,0,47,3,15,3,0
2014-10-31,Germany,Bundesliga,LEAGUE,2014/2015,Schalke 04,Augsburg,H,1,0,H,1,0,N/A,N/A,N/A,N/A,N/A,N/A,13,7,0,45,4,10,2,0,20,5,0,55,2,16,2,0
2014-11-01,Germany,Bundesliga,LEAGUE,2014/2015,Hamburger SV,Bayer Leverkusen,H,1,0,H,1,0,N/A,N/A,N/A,N/A,N/A,N/A,5,1,0,41,1,29,6,0,11,2,0,59,3,25,3,0
2014-11-01,Germany,Bundesliga,LEAGUE,2014/2015,Mainz 05,Werder Bremen,A,1,2,D,1,1,N/A,N/A,N/A,N/A,N/A,N/A,21,3,0,64,8,17,4,0,9,7,0,36,1,15,3,0
2014-11-01,Germany,Bundesliga,LEAGUE,2014/2015,Hannover 96,Eintracht Frankfurt,H,1,0,D,0,0,N/A,N/A,N/A,N/A,N/A,N/A,14,3,0,64,10,13,2,0,6,4,0,36,4,20,2,0
2014-11-01,Germany,Bundesliga,LEAGUE,2014/2015,Stuttgart,Wolfsburg,A,0,4,A,0,2,N/A,N/A,N/A,N/A,N/A,N/A,13,4,0,55,4,13,1,0,14,6,0,45,6,11,0,0
2014-11-01,Germany,Bundesliga,LEAGUE,2014/2015,Bayern München,Borussia Dortmund,H,2,1,A,0,1,N/A,N/A,N/A,N/A,N/A,N/A,25,14,0,65,9,13,1,0,10,4,0,35,2,5,2,0
2014-11-02,Germany,Bundesliga,LEAGUE,2014/2015,Paderborn,Hertha BSC,H,3,1,D,1,1,N/A,N/A,N/A,N/A,N/A,N/A,18,6,0,49,6,14,0,0,10,4,0,51,1,27,2,0
2014-11-02,Germany,Bundesliga,LEAGUE,2014/2015,Borussia M'gladbach,Hoffenheim,H,3,1,H,2,1,N/A,N/A,N/A,N/A,N/A,N/A,13,7,0,44,6,15,1,0,16,3,0,56,3,12,1,0
2014-11-02,Germany,Bundesliga,LEAGUE,2014/2015,Köln,Freiburg,A,0,1,D,0,0,N/A,N/A,N/A,N/A,N/A,N/A,10,3,0,61,5,5,1,0,8,3,0,39,2,12,3,0
2014-11-07,Germany,Bundesliga,LEAGUE,2014/2015,Hertha BSC,Hannover 96,A,0,2,A,0,1,N/A,N/A,N/A,N/A,N/A,N/A,7,1,0,46,4,24,3,0,12,5,0,54,7,22,2,0
2014-11-08,Germany,Bundesliga,LEAGUE,2014/2015,Freiburg,Schalke 04,H,2,0,H,1,0,N/A,N/A,N/A,N/A,N/A,N/A,18,9,0,37,3,13,1,0,11,4,0,63,1,13,3,0
2014-11-08,Germany,Bundesliga,LEAGUE,2014/2015,Augsburg,Paderborn,H,3,0,H,1,0,N/A,N/A,N/A,N/A,N/A,N/A,11,4,0,47,3,16,2,0,16,2,0,53,6,13,3,0
2014-11-08,Germany,Bundesliga,LEAGUE,2014/2015,Werder Bremen,Stuttgart,H,2,0,H,1,0,N/A,N/A,N/A,N/A,N/A,N/A,12,4,0,36,4,13,1,0,8,1,0,64,4,13,1,0
2014-11-08,Germany,Bundesliga,LEAGUE,2014/2015,Eintracht Frankfurt,Bayern München,A,0,4,A,0,1,N/A,N/A,N/A,N/A,N/A,N/A,5,2,0,33,4,21,2,0,19,9,0,67,8,15,1,0
2014-11-08,Germany,Bundesliga,LEAGUE,2014/2015,Hoffenheim,Köln,A,3,4,D,3,3,N/A,N/A,N/A,N/A,N/A,N/A,23,6,0,67,7,15,1,0,11,7,0,33,4,12,2,0
2014-11-08,Germany,Bundesliga,LEAGUE,2014/2015,Bayer Leverkusen,Mainz 05,D,0,0,D,0,0,N/A,N/A,N/A,N/A,N/A,N/A,24,6,0,50,13,17,1,0,6,1,0,50,0,20,3,0
2014-11-09,Germany,Bundesliga,LEAGUE,2014/2015,Wolfsburg,Hamburger SV,H,2,0,H,1,0,N/A,N/A,N/A,N/A,N/A,N/A,13,5,0,51,2,12,2,0,10,2,0,49,1,14,3,0
2014-11-09,Germany,Bundesliga,LEAGUE,2014/2015,Borussia Dortmund,Borussia M'gladbach,H,1,0,D,0,0,N/A,N/A,N/A,N/A,N/A,N/A,22,6,0,52,7,7,3,0,1,0,0,48,0,11,2,0
2014-11-22,Germany,Bundesliga,LEAGUE,2014/2015,Hannover 96,Bayer Leverkusen,A,1,3,D,0,0,N/A,N/A,N/A,N/A,N/A,N/A,10,5,0,56,2,16,3,0,21,4,0,44,3,16,1,0
2014-11-22,Germany,Bundesliga,LEAGUE,2014/2015,Paderborn,Borussia Dortmund,D,2,2,A,0,2,N/A,N/A,N/A,N/A,N/A,N/A,9,4,0,37,1,15,3,0,12,5,0,63,6,10,1,0
2014-11-22,Germany,Bundesliga,LEAGUE,2014/2015,Borussia M'gladbach,Eintracht Frankfurt,A,1,3,H,1,0,N/A,N/A,N/A,N/A,N/A,N/A,10,4,0,55,8,10,1,1,25,13,0,45,11,16,3,0
2014-11-22,Germany,Bundesliga,LEAGUE,2014/2015,Mainz 05,Freiburg,D,2,2,D,1,1,N/A,N/A,N/A,N/A,N/A,N/A,11,2,0,62,9,15,0,0,10,3,0,38,3,13,1,0
2014-11-22,Germany,Bundesliga,LEAGUE,2014/2015,Köln,Hertha BSC,A,1,2,A,0,1,N/A,N/A,N/A,N/A,N/A,N/A,12,2,0,60,3,11,0,0,10,6,0,40,5,14,3,0
2014-11-22,Germany,Bundesliga,LEAGUE,2014/2015,Schalke 04,Wolfsburg,H,3,2,H,3,1,N/A,N/A,N/A,N/A,N/A,N/A,9,6,0,37,2,10,1,0,17,3,0,63,7,16,1,0
2014-11-22,Germany,Bundesliga,LEAGUE,2014/2015,Bayern München,Hoffenheim,H,4,0,H,2,0,N/A,N/A,N/A,N/A,N/A,N/A,17,9,0,66,9,16,2,0,11,4,0,34,5,17,2,1
2014-11-23,Germany,Bundesliga,LEAGUE,2014/2015,Stuttgart,Augsburg,A,0,1,D,0,0,N/A,N/A,N/A,N/A,N/A,N/A,9,1,0,40,6,14,2,1,17,6,0,60,3,23,3,0
2014-11-23,Germany,Bundesliga,LEAGUE,2014/2015,Hamburger SV,Werder Bremen,H,2,0,D,0,0,N/A,N/A,N/A,N/A,N/A,N/A,14,5,0,62,6,24,4,0,12,7,0,38,5,20,3,1
2014-11-28,Germany,Bundesliga,LEAGUE,2014/2015,Freiburg,Stuttgart,A,1,4,D,1,1,N/A,N/A,N/A,N/A,N/A,N/A,16,6,0,59,9,12,2,1,18,9,0,41,7,13,1,0
2014-11-29,Germany,Bundesliga,LEAGUE,2014/2015,Schalke 04,Mainz 05,H,4,1,H,2,1,N/A,N/A,N/A,N/A,N/A,N/A,14,9,0,42,2,16,2,0,22,10,0,58,5,12,1,0
2014-11-29,Germany,Bundesliga,LEAGUE,2014/2015,Hoffenheim,Hannover 96,H,4,3,H,2,1,N/A,N/A,N/A,N/A,N/A,N/A,16,7,0,38,5,14,1,0,13,5,0,62,3,27,4,0
2014-11-29,Germany,Bundesliga,LEAGUE,2014/2015,Werder Bremen,Paderborn,H,4,0,H,1,0,N/A,N/A,N/A,N/A,N/A,N/A,24,13,0,54,9,18,2,0,15,4,0,46,6,18,1,0
2014-11-29,Germany,Bundesliga,LEAGUE,2014/2015,Hertha BSC,Bayern München,A,0,1,A,0,1,N/A,N/A,N/A,N/A,N/A,N/A,4,1,0,21,2,17,1,0,15,5,0,79,3,8,0,0
2014-11-29,Germany,Bundesliga,LEAGUE,2014/2015,Bayer Leverkusen,Köln,H,5,1,D,1,1,N/A,N/A,N/A,N/A,N/A,N/A,25,10,0,63,7,15,1,0,5,1,0,37,3,9,2,0
2014-11-29,Germany,Bundesliga,LEAGUE,2014/2015,Augsburg,Hamburger SV,H,3,1,A,0,1,N/A,N/A,N/A,N/A,N/A,N/A,13,8,0,50,4,13,1,0,9,3,0,50,4,23,4,0
2014-11-30,Germany,Bundesliga,LEAGUE,2014/2015,Eintracht Frankfurt,Borussia Dortmund,H,2,0,H,1,0,N/A,N/A,N/A,N/A,N/A,N/A,10,3,0,46,1,15,2,0,17,6,0,54,8,22,2,0
2014-11-30,Germany,Bundesliga,LEAGUE,2014/2015,Wolfsburg,Borussia M'gladbach,H,1,0,H,1,0,N/A,N/A,N/A,N/A,N/A,N/A,23,12,0,37,9,13,0,0,10,2,0,63,5,12,2,0
2014-12-05,Germany,Bundesliga,LEAGUE,2014/2015,Borussia Dortmund,Hoffenheim,H,1,0,H,1,0,N/A,N/A,N/A,N/A,N/A,N/A,19,6,0,53,8,20,1,0,6,1,0,47,3,12,4,0
2014-12-06,Germany,Bundesliga,LEAGUE,2014/2015,Borussia M'gladbach,Hertha BSC,H,3,2,D,1,1,N/A,N/A,N/A,N/A,N/A,N/A,13,10,0,55,4,17,2,0,11,3,0,45,3,17,3,0
2014-12-06,Germany,Bundesliga,LEAGUE,2014/2015,Hannover 96,Wolfsburg,A,1,3,D,1,1,N/A,N/A,N/A,N/A,N/A,N/A,16,6,0,51,11,14,2,0,15,7,0,49,9,18,1,0
2014-12-06,Germany,Bundesliga,LEAGUE,2014/2015,Stuttgart,Schalke 04,A,0,4,A,0,3,N/A,N/A,N/A,N/A,N/A,N/A,13,3,0,50,4,14,0,0,13,6,0,50,6,13,0,0
2014-12-06,Germany,Bundesliga,LEAGUE,2014/2015,Köln,Augsburg,A,1,2,H,1,0,N/A,N/A,N/A,N/A,N/A,N/A,12,4,0,34,5,10,0,0,14,4,0,66,9,13,1,0
2014-12-06,Germany,Bundesliga,LEAGUE,2014/2015,Bayern München,Bayer Leverkusen,H,1,0,D,0,0,N/A,N/A,N/A,N/A,N/A,N/A,9,3,0,65,8,11,0,0,3,1,0,35,3,26,3,0
2014-12-06,Germany,Bundesliga,LEAGUE,2014/2015,Paderborn,Freiburg,D,1,1,A,0,1,N/A,N/A,N/A,N/A,N/A,N/A,24,8,0,65,6,15,2,0,4,2,0,35,1,26,4,0
2014-12-07,Germany,Bundesliga,LEAGUE,2014/2015,Hamburger SV,Mainz 05,H,2,1,H,1,0,N/A,N/A,N/A,N/A,N/A,N/A,19,7,0,39,6,19,1,0,15,4,0,61,6,18,0,0
2014-12-07,Germany,Bundesliga,LEAGUE,2014/2015,Eintracht Frankfurt,Werder Bremen,H,5,2,D,1,1,N/A,N/A,N/A,N/A,N/A,N/A,21,13,0,55,9,17,2,0,10,4,0,45,2,13,2,0
2014-12-12,Germany,Bundesliga,LEAGUE,2014/2015,Hoffenheim,Eintracht Frankfurt,H,3,2,H,1,0,N/A,N/A,N/A,N/A,N/A,N/A,20,8,0,48,4,16,3,0,19,7,0,52,6,19,2,0
2014-12-13,Germany,Bundesliga,LEAGUE,2014/2015,Mainz 05,Stuttgart,D,1,1,H,1,0,N/A,N/A,N/A,N/A,N/A,N/A,22,6,0,57,4,19,2,0,8,2,0,43,5,15,2,0
2014-12-13,Germany,Bundesliga,LEAGUE,2014/2015,Schalke 04,Köln,A,1,2,D,0,0,N/A,N/A,N/A,N/A,N/A,N/A,15,3,0,63,2,13,1,0,6,5,0,37,1,7,1,0
2014-12-13,Germany,Bundesliga,LEAGUE,2014/2015,Freiburg,Hamburger SV,D,0,0,D,0,0,N/A,N/A,N/A,N/A,N/A,N/A,11,4,0,52,4,19,2,0,12,1,0,48,2,9,2,0
2014-12-13,Germany,Bundesliga,LEAGUE,2014/2015,Augsburg,Bayern München,A,0,4,D,0,0,N/A,N/A,N/A,N/A,N/A,N/A,6,3,0,27,1,17,0,0,26,9,0,73,7,13,0,0
2014-12-13,Germany,Bundesliga,LEAGUE,2014/2015,Hertha BSC,Borussia Dortmund,H,1,0,H,1,0,N/A,N/A,N/A,N/A,N/A,N/A,5,3,0,29,2,9,2,0,18,5,0,71,9,9,1,0
2014-12-13,Germany,Bundesliga,LEAGUE,2014/2015,Werder Bremen,Hannover 96,D,3,3,D,1,1,N/A,N/A,N/A,N/A,N/A,N/A,18,7,0,47,10,18,3,0,12,7,0,53,10,26,3,0
2014-12-14,Germany,Bundesliga,LEAGUE,2014/2015,Bayer Leverkusen,Borussia M'gladbach,D,1,1,D,1,1,N/A,N/A,N/A,N/A,N/A,N/A,22,6,0,58,5,17,4,0,7,3,0,42,6,12,1,0
2014-12-14,Germany,Bundesliga,LEAGUE,2014/2015,Wolfsburg,Paderborn,D,1,1,H,1,0,N/A,N/A,N/A,N/A,N/A,N/A,21,8,0,71,11,15,4,0,6,3,0,29,1,17,2,0
2014-12-16,Germany,Bundesliga,LEAGUE,2014/2015,Hannover 96,Augsburg,H,2,0,H,1,0,N/A,N/A,N/A,N/A,N/A,N/A,10,3,0,52,8,18,0,0,10,5,0,48,5,17,3,0
2014-12-16,Germany,Bundesliga,LEAGUE,2014/2015,Hamburger SV,Stuttgart,A,0,1,A,0,1,N/A,N/A,N/A,N/A,N/A,N/A,8,2,0,62,6,10,1,0,16,6,0,38,5,12,2,1
2014-12-16,Germany,Bundesliga,LEAGUE,2014/2015,Köln,Mainz 05,D,0,0,D,0,0,N/A,N/A,N/A,N/A,N/A,N/A,11,1,0,53,9,13,2,0,13,1,0,47,3,14,4,0
2014-12-16,Germany,Bundesliga,LEAGUE,2014/2015,Bayern München,Freiburg,H,2,0,H,1,0,N/A,N/A,N/A,N/A,N/A,N/A,31,13,0,82,10,5,1,0,2,0,0,18,1,3,1,0
2014-12-17,Germany,Bundesliga,LEAGUE,2014/2015,Borussia Dortmund,Wolfsburg,D,2,2,D,1,1,N/A,N/A,N/A,N/A,N/A,N/A,17,6,0,36,4,13,1,0,10,4,0,64,5,10,0,0
2014-12-17,Germany,Bundesliga,LEAGUE,2014/2015,Paderborn,Schalke 04,A,1,2,D,1,1,N/A,N/A,N/A,N/A,N/A,N/A,21,4,0,49,5,9,0,0,16,8,0,51,7,22,3,0
2014-12-17,Germany,Bundesliga,LEAGUE,2014/2015,Eintracht Frankfurt,Hertha BSC,D,4,4,A,1,3,N/A,N/A,N/A,N/A,N/A,N/A,18,7,0,72,5,14,3,0,8,5,0,28,4,19,2,0
2014-12-17,Germany,Bundesliga,LEAGUE,2014/2015,Borussia M'gladbach,Werder Bremen,H,4,1,H,2,0,N/A,N/A,N/A,N/A,N/A,N/A,9,6,0,59,2,13,1,0,8,4,0,41,1,18,1,1
2014-12-17,Germany,Bundesliga,LEAGUE,2014/2015,Hoffenheim,Bayer Leverkusen,A,0,1,D,0,0,N/A,N/A,N/A,N/A,N/A,N/A,9,7,0,39,1,16,1,0,18,9,0,61,10,19,3,0
2014-12-19,Germany,Bundesliga,LEAGUE,2014/2015,Mainz 05,Bayern München,A,1,2,D,1,1,N/A,N/A,N/A,N/A,N/A,N/A,5,3,0,31,4,16,2,0,13,5,0,69,10,18,0,0
2014-12-20,Germany,Bundesliga,LEAGUE,2014/2015,Stuttgart,Paderborn,D,0,0,D,0,0,N/A,N/A,N/A,N/A,N/A,N/A,11,3,0,41,5,16,1,0,16,4,0,59,5,20,3,0
2014-12-20,Germany,Bundesliga,LEAGUE,2014/2015,Werder Bremen,Borussia Dortmund,H,2,1,H,1,0,N/A,N/A,N/A,N/A,N/A,N/A,12,3,0,31,2,12,0,0,14,5,0,69,6,9,0,0
2014-12-20,Germany,Bundesliga,LEAGUE,2014/2015,Wolfsburg,Köln,H,2,1,D,1,1,N/A,N/A,N/A,N/A,N/A,N/A,14,3,0,63,4,5,0,0,10,4,0,37,4,9,0,0
2014-12-20,Germany,Bundesliga,LEAGUE,2014/2015,Augsburg,Borussia M'gladbach,H,2,1,D,1,1,N/A,N/A,N/A,N/A,N/A,N/A,18,6,0,50,4,15,3,0,14,6,0,50,7,11,2,0
2014-12-20,Germany,Bundesliga,LEAGUE,2014/2015,Bayer Leverkusen,Eintracht Frankfurt,D,1,1,A,0,1,N/A,N/A,N/A,N/A,N/A,N/A,16,3,0,55,4,18,3,0,9,5,0,45,1,20,2,0
2014-12-20,Germany,Bundesliga,LEAGUE,2014/2015,Schalke 04,Hamburger SV,D,0,0,D,0,0,N/A,N/A,N/A,N/A,N/A,N/A,17,8,0,54,6,11,1,0,15,6,0,46,4,15,2,0
2014-12-21,Germany,Bundesliga,LEAGUE,2014/2015,Freiburg,Hannover 96,D,2,2,H,1,0,N/A,N/A,N/A,N/A,N/A,N/A,10,6,0,41,6,12,3,0,17,8,0,59,5,14,3,0
2014-12-21,Germany,Bundesliga,LEAGUE,2014/2015,Hertha BSC,Hoffenheim,A,0,5,A,0,3,N/A,N/A,N/A,N/A,N/A,N/A,8,1,0,44,2,17,3,0,15,8,0,56,9,17,1,0
2015-01-30,Germany,Bundesliga,LEAGUE,2014/2015,Wolfsburg,Bayern München,H,4,1,H,2,0,N/A,N/A,N/A,N/A,N/A,N/A,13,6,0,32,1,13,2,0,16,7,0,68,5,15,2,0
2015-01-31,Germany,Bundesliga,LEAGUE,2014/2015,Schalke 04,Hannover 96,H,1,0,H,1,0,N/A,N/A,N/A,N/A,N/A,N/A,15,5,0,37,5,15,2,1,12,1,0,63,7,15,3,0
2015-01-31,Germany,Bundesliga,LEAGUE,2014/2015,Mainz 05,Paderborn,H,5,0,H,1,0,N/A,N/A,N/A,N/A,N/A,N/A,21,8,0,52,9,14,0,0,11,2,0,48,4,16,1,0
2015-01-31,Germany,Bundesliga,LEAGUE,2014/2015,Bayer Leverkusen,Borussia Dortmund,D,0,0,D,0,0,N/A,N/A,N/A,N/A,N/A,N/A,8,4,0,60,4,20,1,0,10,2,0,40,3,17,2,0
2015-01-31,Germany,Bundesliga,LEAGUE,2014/2015,Hamburger SV,Köln,A,0,2,D,0,0,N/A,N/A,N/A,N/A,N/A,N/A,10,3,0,47,3,17,3,0,15,6,0,53,3,11,1,0
2015-01-31,Germany,Bundesliga,LEAGUE,2014/2015,Stuttgart,Borussia M'gladbach,A,0,1,D,0,0,N/A,N/A,N/A,N/A,N/A,N/A,12,1,0,42,4,13,3,0,10,2,0,58,8,13,2,0
2015-01-31,Germany,Bundesliga,LEAGUE,2014/2015,Freiburg,Eintracht Frankfurt,H,4,1,A,0,1,N/A,N/A,N/A,N/A,N/A,N/A,15,8,0,50,3,10,3,0,12,6,0,50,5,14,3,0
2015-02-01,Germany,Bundesliga,LEAGUE,2014/2015,Augsburg,Hoffenheim,H,3,1,H,2,1,N/A,N/A,N/A,N/A,N/A,N/A,15,7,0,55,4,20,2,0,13,5,0,45,7,28,3,0
2015-02-01,Germany,Bundesliga,LEAGUE,2014/2015,Werder Bremen,Hertha BSC,H,2,0,H,1,0,N/A,N/A,N/A,N/A,N/A,N/A,19,8,0,54,6,16,4,0,3,0,0,46,3,26,3,0
2015-02-03,Germany,Bundesliga,LEAGUE,2014/2015,Eintracht Frankfurt,Wolfsburg,D,1,1,D,0,0,N/A,N/A,N/A,N/A,N/A,N/A,11,4,0,45,1,20,2,0,9,2,0,55,6,16,2,0
2015-02-03,Germany,Bundesliga,LEAGUE,2014/2015,Hannover 96,Mainz 05,D,1,1,H,1,0,N/A,N/A,N/A,N/A,N/A,N/A,9,5,0,56,7,15,1,0,18,7,0,44,4,16,1,0
2015-02-03,Germany,Bundesliga,LEAGUE,2014/2015,Bayern München,Schalke 04,D,1,1,D,0,0,N/A,N/A,N/A,N/A,N/A,N/A,10,2,0,60,5,13,3,1,8,5,0,40,1,19,1,0
2015-02-03,Germany,Bundesliga,LEAGUE,2014/2015,Borussia M'gladbach,Freiburg,H,1,0,H,1,0,N/A,N/A,N/A,N/A,N/A,N/A,11,6,0,33,4,15,1,0,15,5,0,67,4,15,2,0
2015-02-04,Germany,Bundesliga,LEAGUE,2014/2015,Borussia Dortmund,Augsburg,A,0,1,D,0,0,N/A,N/A,N/A,N/A,N/A,N/A,15,6,0,52,4,12,0,0,8,3,0,48,1,11,1,1
2015-02-04,Germany,Bundesliga,LEAGUE,2014/2015,Paderborn,Hamburger SV,A,0,3,A,0,1,N/A,N/A,N/A,N/A,N/A,N/A,13,3,0,62,5,11,1,0,12,4,0,38,5,18,2,0
2015-02-04,Germany,Bundesliga,LEAGUE,2014/2015,Hertha BSC,Bayer Leverkusen,A,0,1,D,0,0,N/A,N/A,N/A,N/A,N/A,N/A,2,0,0,44,4,14,2,1,9,3,0,56,2,16,2,0
2015-02-04,Germany,Bundesliga,LEAGUE,2014/2015,Hoffenheim,Werder Bremen,A,1,2,D,1,1,N/A,N/A,N/A,N/A,N/A,N/A,13,5,0,66,7,13,1,0,11,6,0,34,1,30,4,0
2015-02-04,Germany,Bundesliga,LEAGUE,2014/2015,Köln,Stuttgart,D,0,0,D,0,0,N/A,N/A,N/A,N/A,N/A,N/A,5,0,0,46,2,10,2,0,7,4,0,54,4,10,0,0
2015-02-06,Germany,Bundesliga,LEAGUE,2014/2015,Schalke 04,Borussia M'gladbach,H,1,0,H,1,0,N/A,N/A,N/A,N/A,N/A,N/A,10,4,0,31,5,17,1,0,8,1,0,69,3,15,0,0
2015-02-07,Germany,Bundesliga,LEAGUE,2014/2015,Mainz 05,Hertha BSC,A,0,2,A,0,2,N/A,N/A,N/A,N/A,N/A,N/A,12,4,0,63,4,15,2,1,11,3,0,37,2,15,3,1
2015-02-07,Germany,Bundesliga,LEAGUE,2014/2015,Hamburger SV,Hannover 96,H,2,1,H,1,0,N/A,N/A,N/A,N/A,N/A,N/A,6,3,0,31,3,21,1,0,21,7,0,69,10,11,0,0
2015-02-07,Germany,Bundesliga,LEAGUE,2014/2015,Stuttgart,Bayern München,A,0,2,A,0,1,N/A,N/A,N/A,N/A,N/A,N/A,4,0,3,41,4,26,1,0,8,4,4,59,1,22,1,0
2015-02-07,Germany,Bundesliga,LEAGUE,2014/2015,Wolfsburg,Hoffenheim,H,3,0,H,2,0,N/A,N/A,N/A,N/A,N/A,N/A,9,5,0,53,2,20,2,0,16,4,0,47,4,16,1,0
2015-02-07,Germany,Bundesliga,LEAGUE,2014/2015,Köln,Paderborn,D,0,0,D,0,0,N/A,N/A,N/A,N/A,N/A,N/A,18,5,0,58,9,13,1,0,9,3,0,42,4,15,2,0
2015-02-07,Germany,Bundesliga,LEAGUE,2014/2015,Freiburg,Borussia Dortmund,A,0,3,A,0,1,N/A,N/A,N/A,N/A,N/A,N/A,7,1,0,54,3,11,1,0,22,12,0,46,5,12,2,0
2015-02-08,Germany,Bundesliga,LEAGUE,2014/2015,Werder Bremen,Bayer Leverkusen,H,2,1,H,2,1,N/A,N/A,N/A,N/A,N/A,N/A,7,4,0,37,4,14,1,0,14,2,0,63,7,16,3,0
2015-02-08,Germany,Bundesliga,LEAGUE,2014/2015,Augsburg,Eintracht Frankfurt,D,2,2,H,2,1,N/A,N/A,N/A,N/A,N/A,N/A,11,6,0,45,3,20,3,0,17,5,0,55,3,20,3,0
2015-02-13,Germany,Bundesliga,LEAGUE,2014/2015,Borussia Dortmund,Mainz 05,H,4,2,A,0,1,N/A,N/A,N/A,N/A,N/A,N/A,21,10,0,55,7,15,0,0,6,3,0,45,3,13,1,0
2015-02-14,Germany,Bundesliga,LEAGUE,2014/2015,Werder Bremen,Augsburg,H,3,2,H,3,1,N/A,N/A,N/A,N/A,N/A,N/A,19,9,0,41,5,21,2,0,16,4,0,59,10,15,2,0
2015-02-14,Germany,Bundesliga,LEAGUE,2014/2015,Bayer Leverkusen,Wolfsburg,A,4,5,A,0,3,N/A,N/A,N/A,N/A,N/A,N/A,15,7,0,45,5,23,4,1,13,9,0,55,1,12,1,0
2015-02-14,Germany,Bundesliga,LEAGUE,2014/2015,Eintracht Frankfurt,Schalke 04,H,1,0,D,0,0,N/A,N/A,N/A,N/A,N/A,N/A,8,2,0,55,5,21,5,0,8,6,0,45,7,12,1,0
2015-02-14,Germany,Bundesliga,LEAGUE,2014/2015,Bayern München,Hamburger SV,H,8,0,H,3,0,N/A,N/A,N/A,N/A,N/A,N/A,25,14,0,73,3,3,0,0,7,2,0,27,0,16,1,0
2015-02-14,Germany,Bundesliga,LEAGUE,2014/2015,Hoffenheim,Stuttgart,H,2,1,D,1,1,N/A,N/A,N/A,N/A,N/A,N/A,21,6,0,46,10,24,3,0,7,3,0,54,2,21,3,0
2015-02-14,Germany,Bundesliga,LEAGUE,2014/2015,Borussia M'gladbach,Köln,H,1,0,D,0,0,N/A,N/A,N/A,N/A,N/A,N/A,20,8,0,74,10,10,2,0,14,2,0,26,1,12,4,0
2015-02-15,Germany,Bundesliga,LEAGUE,2014/2015,Hannover 96,Paderborn,A,1,2,D,0,0,N/A,N/A,N/A,N/A,N/A,N/A,10,2,0,69,7,16,3,0,11,5,0,31,1,12,1,0
2015-02-15,Germany,Bundesliga,LEAGUE,2014/2015,Hertha BSC,Freiburg,A,0,2,A,0,1,N/A,N/A,N/A,N/A,N/A,N/A,11,6,0,58,2,20,2,0,9,3,0,42,1,15,2,0
2015-02-20,Germany,Bundesliga,LEAGUE,2014/2015,Stuttgart,Borussia Dortmund,A,2,3,A,1,2,N/A,N/A,N/A,N/A,N/A,N/A,7,2,0,45,2,13,1,0,13,9,0,55,5,12,2,0
2015-02-21,Germany,Bundesliga,LEAGUE,2014/2015,Paderborn,Bayern München,A,0,6,A,0,2,N/A,N/A,N/A,N/A,N/A,N/A,13,3,0,22,4,10,0,1,17,9,0,78,4,13,0,0
2015-02-21,Germany,Bundesliga,LEAGUE,2014/2015,Köln,Hannover 96,D,1,1,D,1,1,N/A,N/A,N/A,N/A,N/A,N/A,15,6,0,42,3,13,2,0,7,5,0,58,5,20,3,1
2015-02-21,Germany,Bundesliga,LEAGUE,2014/2015,Schalke 04,Werder Bremen,D,1,1,D,0,0,N/A,N/A,N/A,N/A,N/A,N/A,24,5,0,55,7,13,1,0,14,4,0,45,1,12,2,0
2015-02-21,Germany,Bundesliga,LEAGUE,2014/2015,Mainz 05,Eintracht Frankfurt,H,3,1,D,1,1,N/A,N/A,N/A,N/A,N/A,N/A,13,6,0,47,6,14,2,0,8,1,0,53,1,18,3,1
2015-02-21,Germany,Bundesliga,LEAGUE,2014/2015,Augsburg,Bayer Leverkusen,D,2,2,A,0,1,N/A,N/A,N/A,N/A,N/A,N/A,16,7,0,61,5,13,0,0,18,12,0,39,4,16,3,0
2015-02-21,Germany,Bundesliga,LEAGUE,2014/2015,Freiburg,Hoffenheim,D,1,1,D,1,1,N/A,N/A,N/A,N/A,N/A,N/A,10,5,0,59,4,20,2,1,15,5,0,41,1,22,3,0
2015-02-22,Germany,Bundesliga,LEAGUE,2014/2015,Wolfsburg,Hertha BSC,H,2,1,D,1,1,N/A,N/A,N/A,N/A,N/A,N/A,17,5,0,68,6,10,1,0,3,2,0,32,3,14,2,0
2015-02-22,Germany,Bundesliga,LEAGUE,2014/2015,Hamburger SV,Borussia M'gladbach,D,1,1,D,0,0,N/A,N/A,N/A,N/A,N/A,N/A,13,3,0,44,4,14,3,0,12,2,0,56,5,11,3,0
2015-02-27,Germany,Bundesliga,LEAGUE,2014/2015,Bayern München,Köln,H,4,1,H,2,1,N/A,N/A,N/A,N/A,N/A,N/A,24,9,0,78,14,5,0,0,9,4,0,22,5,11,1,0
2015-02-28,Germany,Bundesliga,LEAGUE,2014/2015,Hannover 96,Stuttgart,D,1,1,D,0,0,N/A,N/A,N/A,N/A,N/A,N/A,17,5,0,53,8,20,2,1,9,1,0,47,4,16,2,1
2015-02-28,Germany,Bundesliga,LEAGUE,2014/2015,Borussia Dortmund,Schalke 04,H,3,0,D,0,0,N/A,N/A,N/A,N/A,N/A,N/A,31,13,0,64,9,13,2,0,3,0,0,36,5,13,2,0
2015-02-28,Germany,Bundesliga,LEAGUE,2014/2015,Hoffenheim,Mainz 05,H,2,0,D,0,0,N/A,N/A,N/A,N/A,N/A,N/A,16,5,0,55,6,12,3,0,19,5,0,45,9,12,0,0
2015-02-28,Germany,Bundesliga,LEAGUE,2014/2015,Eintracht Frankfurt,Hamburger SV,H,2,1,D,1,1,N/A,N/A,N/A,N/A,N/A,N/A,19,7,0,55,4,18,2,0,9,5,0,45,3,27,3,1
2015-02-28,Germany,Bundesliga,LEAGUE,2014/2015,Bayer Leverkusen,Freiburg,H,1,0,H,1,0,N/A,N/A,N/A,N/A,N/A,N/A,11,5,0,54,3,15,1,0,3,2,0,46,2,13,2,0
2015-02-28,Germany,Bundesliga,LEAGUE,2014/2015,Hertha BSC,Augsburg,H,1,0,D,0,0,N/A,N/A,N/A,N/A,N/A,N/A,9,4,0,40,4,22,3,0,11,3,0,60,5,17,4,0
2015-03-01,Germany,Bundesliga,LEAGUE,2014/2015,Borussia M'gladbach,Paderborn,H,2,0,H,1,0,N/A,N/A,N/A,N/A,N/A,N/A,20,7,0,54,11,8,0,0,17,3,0,46,8,15,2,0
2015-03-01,Germany,Bundesliga,LEAGUE,2014/2015,Werder Bremen,Wolfsburg,A,3,5,H,3,2,N/A,N/A,N/A,N/A,N/A,N/A,10,5,0,42,6,21,2,0,13,6,0,58,3,15,1,0
2015-03-06,Germany,Bundesliga,LEAGUE,2014/2015,Stuttgart,Hertha BSC,D,0,0,D,0,0,N/A,N/A,N/A,N/A,N/A,N/A,14,3,0,71,8,16,2,0,7,2,0,29,2,14,2,1
2015-03-07,Germany,Bundesliga,LEAGUE,2014/2015,Mainz 05,Borussia M'gladbach,D,2,2,A,0,1,N/A,N/A,N/A,N/A,N/A,N/A,23,7,0,44,7,6,1,0,6,3,0,56,4,12,2,0
2015-03-07,Germany,Bundesliga,LEAGUE,2014/2015,Hamburger SV,Borussia Dortmund,D,0,0,D,0,0,N/A,N/A,N/A,N/A,N/A,N/A,4,2,0,32,1,23,5,0,12,2,0,68,7,12,2,0
2015-03-07,Germany,Bundesliga,LEAGUE,2014/2015,Augsburg,Wolfsburg,H,1,0,D,0,0,N/A,N/A,N/A,N/A,N/A,N/A,12,6,0,41,4,10,1,0,10,2,0,59,5,14,1,0
2015-03-07,Germany,Bundesliga,LEAGUE,2014/2015,Hannover 96,Bayern München,A,1,3,D,1,1,N/A,N/A,N/A,N/A,N/A,N/A,3,1,0,22,2,12,1,0,13,3,0,78,3,7,3,0
2015-03-07,Germany,Bundesliga,LEAGUE,2014/2015,Freiburg,Werder Bremen,A,0,1,A,0,1,N/A,N/A,N/A,N/A,N/A,N/A,14,5,0,58,6,16,2,0,16,4,0,42,5,20,1,0
2015-03-07,Germany,Bundesliga,LEAGUE,2014/2015,Schalke 04,Hoffenheim,H,3,1,H,2,0,N/A,N/A,N/A,N/A,N/A,N/A,14,5,0,56,3,15,1,0,18,7,0,44,4,19,1,0
2015-03-08,Germany,Bundesliga,LEAGUE,2014/2015,Paderborn,Bayer Leverkusen,A,0,3,D,0,0,N/A,N/A,N/A,N/A,N/A,N/A,9,2,0,41,9,15,1,0,11,6,0,59,8,17,1,0
2015-03-08,Germany,Bundesliga,LEAGUE,2014/2015,Köln,Eintracht Frankfurt,H,4,2,H,1,0,N/A,N/A,N/A,N/A,N/A,N/A,9,6,0,37,4,18,2,1,12,5,0,63,10,15,2,0
2015-03-13,Germany,Bundesliga,LEAGUE,2014/2015,Bayer Leverkusen,Stuttgart,H,4,0,H,2,0,N/A,N/A,N/A,N/A,N/A,N/A,11,5,0,52,3,25,3,0,9,5,0,48,4,8,3,0
2015-03-14,Germany,Bundesliga,LEAGUE,2014/2015,Eintracht Frankfurt,Paderborn,H,4,0,H,2,0,N/A,N/A,N/A,N/A,N/A,N/A,11,6,0,65,9,13,2,0,8,3,0,35,3,24,6,0
2015-03-14,Germany,Bundesliga,LEAGUE,2014/2015,Hoffenheim,Hamburger SV,H,3,0,H,1,0,N/A,N/A,N/A,N/A,N/A,N/A,19,7,0,65,9,19,1,0,10,2,0,35,6,18,2,1
2015-03-14,Germany,Bundesliga,LEAGUE,2014/2015,Borussia Dortmund,Köln,D,0,0,D,0,0,N/A,N/A,N/A,N/A,N/A,N/A,10,5,0,69,5,14,2,0,7,2,0,31,2,8,0,0
2015-03-14,Germany,Bundesliga,LEAGUE,2014/2015,Hertha BSC,Schalke 04,D,2,2,D,1,1,N/A,N/A,N/A,N/A,N/A,N/A,13,6,0,32,3,18,3,0,12,6,0,68,5,16,2,0
2015-03-14,Germany,Bundesliga,LEAGUE,2014/2015,Augsburg,Mainz 05,A,0,2,A,0,1,N/A,N/A,N/A,N/A,N/A,N/A,13,2,0,61,4,23,0,0,12,7,0,39,2,13,0,0
2015-03-14,Germany,Bundesliga,LEAGUE,2014/2015,Werder Bremen,Bayern München,A,0,4,A,0,2,N/A,N/A,N/A,N/A,N/A,N/A,6,3,0,28,3,20,3,0,13,7,0,72,3,16,3,0
2015-03-15,Germany,Bundesliga,LEAGUE,2014/2015,Wolfsburg,Freiburg,H,3,0,H,1,0,N/A,N/A,N/A,N/A,N/A,N/A,25,8,0,52,5,9,0,0,16,5,0,48,5,14,1,0
2015-03-15,Germany,Bundesliga,LEAGUE,2014/2015,Borussia M'gladbach,Hannover 96,H,2,0,H,1,0,N/A,N/A,N/A,N/A,N/A,N/A,23,8,0,63,2,14,1,0,7,1,0,37,5,15,0,0
2015-03-20,Germany,Bundesliga,LEAGUE,2014/2015,Hamburger SV,Hertha BSC,A,0,1,D,0,0,N/A,N/A,N/A,N/A,N/A,N/A,13,4,0,62,4,21,2,1,9,3,0,38,6,21,1,0
2015-03-21,Germany,Bundesliga,LEAGUE,2014/2015,Freiburg,Augsburg,H,2,0,D,0,0,N/A,N/A,N/A,N/A,N/A,N/A,15,8,0,43,4,16,1,0,17,6,0,57,6,12,0,0
2015-03-21,Germany,Bundesliga,LEAGUE,2014/2015,Köln,Werder Bremen,D,1,1,A,0,1,N/A,N/A,N/A,N/A,N/A,N/A,16,2,0,58,8,14,2,0,11,6,0,42,6,22,2,0
2015-03-21,Germany,Bundesliga,LEAGUE,2014/2015,Stuttgart,Eintracht Frankfurt,H,3,1,D,0,0,N/A,N/A,N/A,N/A,N/A,N/A,9,5,0,44,2,17,2,0,11,5,0,56,9,11,2,0
2015-03-21,Germany,Bundesliga,LEAGUE,2014/2015,Hannover 96,Borussia Dortmund,A,2,3,D,1,1,N/A,N/A,N/A,N/A,N/A,N/A,15,5,0,54,8,13,1,1,13,6,0,46,4,21,1,0
2015-03-21,Germany,Bundesliga,LEAGUE,2014/2015,Paderborn,Hoffenheim,D,0,0,D,0,0,N/A,N/A,N/A,N/A,N/A,N/A,15,7,0,49,9,19,0,0,8,2,0,51,4,19,2,1
2015-03-21,Germany,Bundesliga,LEAGUE,2014/2015,Schalke 04,Bayer Leverkusen,A,0,1,A,0,1,N/A,N/A,N/A,N/A,N/A,N/A,13,5,0,57,4,17,2,0,16,7,0,43,9,17,4,0
2015-03-22,Germany,Bundesliga,LEAGUE,2014/2015,Mainz 05,Wolfsburg,D,1,1,H,1,0,N/A,N/A,N/A,N/A,N/A,N/A,22,2,0,41,8,11,0,0,8,3,0,59,4,17,2,0
2015-03-22,Germany,Bundesliga,LEAGUE,2014/2015,Bayern München,Borussia M'gladbach,A,0,2,A,0,1,N/A,N/A,N/A,N/A,N/A,N/A,16,8,0,68,4,15,0,0,4,4,0,32,2,9,2,0
2015-04-04,Germany,Bundesliga,LEAGUE,2014/2015,Eintracht Frankfurt,Hannover 96,D,2,2,H,1,0,N/A,N/A,N/A,N/A,N/A,N/A,14,7,0,37,4,17,2,0,15,6,0,63,9,25,3,0
2015-04-04,Germany,Bundesliga,LEAGUE,2014/2015,Wolfsburg,Stuttgart,H,3,1,D,1,1,N/A,N/A,N/A,N/A,N/A,N/A,23,9,0,63,8,14,1,0,13,5,0,37,7,16,2,0
2015-04-04,Germany,Bundesliga,LEAGUE,2014/2015,Bayer Leverkusen,Hamburger SV,H,4,0,H,2,0,N/A,N/A,N/A,N/A,N/A,N/A,25,9,0,50,7,10,3,0,4,1,0,50,2,17,2,0
2015-04-04,Germany,Bundesliga,LEAGUE,2014/2015,Hoffenheim,Borussia M'gladbach,A,1,4,A,1,3,N/A,N/A,N/A,N/A,N/A,N/A,22,6,0,39,5,14,3,0,12,7,0,61,3,9,2,0
2015-04-04,Germany,Bundesliga,LEAGUE,2014/2015,Freiburg,Köln,H,1,0,H,1,0,N/A,N/A,N/A,N/A,N/A,N/A,11,4,0,45,5,8,3,0,19,5,0,55,7,16,2,0
2015-04-04,Germany,Bundesliga,LEAGUE,2014/2015,Werder Bremen,Mainz 05,D,0,0,D,0,0,N/A,N/A,N/A,N/A,N/A,N/A,15,5,0,49,3,23,4,0,15,3,0,51,2,16,2,0
2015-04-04,Germany,Bundesliga,LEAGUE,2014/2015,Borussia Dortmund,Bayern München,A,0,1,A,0,1,N/A,N/A,N/A,N/A,N/A,N/A,15,2,0,50,2,16,2,0,6,2,0,50,1,19,3,0
2015-04-05,Germany,Bundesliga,LEAGUE,2014/2015,Hertha BSC,Paderborn,H,2,0,D,0,0,N/A,N/A,N/A,N/A,N/A,N/A,12,4,0,52,3,18,1,0,8,2,0,48,2,19,4,0
2015-04-05,Germany,Bundesliga,LEAGUE,2014/2015,Augsburg,Schalke 04,D,0,0,D,0,0,N/A,N/A,N/A,N/A,N/A,N/A,21,3,0,44,4,22,3,0,18,3,0,56,4,23,3,0
2015-04-10,Germany,Bundesliga,LEAGUE,2014/2015,Hannover 96,Hertha BSC,D,1,1,D,0,0,N/A,N/A,N/A,N/A,N/A,N/A,11,5,0,62,10,18,3,0,9,3,0,38,2,10,1,0
2015-04-11,Germany,Bundesliga,LEAGUE,2014/2015,Mainz 05,Bayer Leverkusen,A,2,3,A,0,1,N/A,N/A,N/A,N/A,N/A,N/A,8,2,0,60,4,17,1,0,9,5,0,40,2,22,2,0
2015-04-11,Germany,Bundesliga,LEAGUE,2014/2015,Borussia M'gladbach,Borussia Dortmund,H,3,1,H,2,0,N/A,N/A,N/A,N/A,N/A,N/A,12,7,0,46,6,10,1,0,18,3,0,54,6,6,0,0
2015-04-11,Germany,Bundesliga,LEAGUE,2014/2015,Paderborn,Augsburg,H,2,1,D,0,0,N/A,N/A,N/A,N/A,N/A,N/A,14,4,0,37,6,14,1,0,16,5,0,63,7,21,2,0
2015-04-11,Germany,Bundesliga,LEAGUE,2014/2015,Hamburger SV,Wolfsburg,A,0,2,A,0,1,N/A,N/A,N/A,N/A,N/A,N/A,5,0,0,47,3,17,3,1,15,8,0,53,5,10,1,0
2015-04-11,Germany,Bundesliga,LEAGUE,2014/2015,Bayern München,Eintracht Frankfurt,H,3,0,H,1,0,N/A,N/A,N/A,N/A,N/A,N/A,19,10,0,63,3,14,1,0,4,1,0,37,0,18,3,0
2015-04-11,Germany,Bundesliga,LEAGUE,2014/2015,Schalke 04,Freiburg,D,0,0,D,0,0,N/A,N/A,N/A,N/A,N/A,N/A,21,6,0,67,8,15,2,0,10,3,0,33,6,20,3,0
2015-04-12,Germany,Bundesliga,LEAGUE,2014/2015,Stuttgart,Werder Bremen,H,3,2,H,1,0,N/A,N/A,N/A,N/A,N/A,N/A,15,3,0,47,9,13,1,1,12,3,0,53,3,14,3,0
2015-04-12,Germany,Bundesliga,LEAGUE,2014/2015,Köln,Hoffenheim,H,3,2,H,1,0,N/A,N/A,N/A,N/A,N/A,N/A,18,6,0,38,3,15,4,1,24,8,0,62,3,21,2,0
2015-04-17,Germany,Bundesliga,LEAGUE,2014/2015,Eintracht Frankfurt,Borussia M'gladbach,D,0,0,D,0,0,N/A,N/A,N/A,N/A,N/A,N/A,18,5,0,46,8,17,3,0,11,4,0,54,5,13,2,0
2015-04-18,Germany,Bundesliga,LEAGUE,2014/2015,Hertha BSC,Köln,D,0,0,D,0,0,N/A,N/A,N/A,N/A,N/A,N/A,10,4,0,49,8,9,0,0,7,2,0,51,11,14,1,0
2015-04-18,Germany,Bundesliga,LEAGUE,2014/2015,Augsburg,Stuttgart,H,2,1,D,1,1,N/A,N/A,N/A,N/A,N/A,N/A,12,4,0,57,2,21,2,0,16,7,0,43,6,16,4,0
2015-04-18,Germany,Bundesliga,LEAGUE,2014/2015,Freiburg,Mainz 05,A,2,3,A,0,2,N/A,N/A,N/A,N/A,N/A,N/A,25,10,0,61,10,15,1,0,12,5,0,39,5,9,1,0
2015-04-18,Germany,Bundesliga,LEAGUE,2014/2015,Borussia Dortmund,Paderborn,H,3,0,D,0,0,N/A,N/A,N/A,N/A,N/A,N/A,22,8,0,58,5,14,1,0,2,0,0,42,3,7,0,0
2015-04-18,Germany,Bundesliga,LEAGUE,2014/2015,Bayer Leverkusen,Hannover 96,H,4,0,H,2,0,N/A,N/A,N/A,N/A,N/A,N/A,25,10,0,54,11,14,1,0,5,1,0,46,0,23,3,0
2015-04-18,Germany,Bundesliga,LEAGUE,2014/2015,Hoffenheim,Bayern München,A,0,2,A,0,1,N/A,N/A,N/A,N/A,N/A,N/A,8,1,0,30,1,16,3,0,21,5,0,70,10,21,3,0
2015-04-19,Germany,Bundesliga,LEAGUE,2014/2015,Wolfsburg,Schalke 04,D,1,1,D,0,0,N/A,N/A,N/A,N/A,N/A,N/A,26,9,0,53,7,17,2,0,7,2,0,47,1,19,2,0
2015-04-19,Germany,Bundesliga,LEAGUE,2014/2015,Werder Bremen,Hamburger SV,H,1,0,D,0,0,N/A,N/A,N/A,N/A,N/A,N/A,11,5,0,55,3,12,1,0,8,2,0,45,0,22,3,1
2015-04-24,Germany,Bundesliga,LEAGUE,2014/2015,Mainz 05,Schalke 04,H,2,0,H,2,0,N/A,N/A,N/A,N/A,N/A,N/A,11,3,0,39,4,10,0,0,18,2,0,61,6,11,2,0
2015-04-25,Germany,Bundesliga,LEAGUE,2014/2015,Borussia Dortmund,Eintracht Frankfurt,H,2,0,H,2,0,N/A,N/A,N/A,N/A,N/A,N/A,13,4,0,40,2,22,3,0,11,0,0,60,2,12,3,0
2015-04-25,Germany,Bundesliga,LEAGUE,2014/2015,Stuttgart,Freiburg,D,2,2,H,2,0,N/A,N/A,N/A,N/A,N/A,N/A,11,3,0,41,4,17,2,1,14,7,0,59,6,16,2,0
2015-04-25,Germany,Bundesliga,LEAGUE,2014/2015,Hamburger SV,Augsburg,H,3,2,H,2,1,N/A,N/A,N/A,N/A,N/A,N/A,15,8,0,37,2,16,3,0,14,3,0,63,4,20,1,0
2015-04-25,Germany,Bundesliga,LEAGUE,2014/2015,Köln,Bayer Leverkusen,D,1,1,D,0,0,N/A,N/A,N/A,N/A,N/A,N/A,14,4,0,48,5,14,2,0,9,5,0,52,4,16,3,0
2015-04-25,Germany,Bundesliga,LEAGUE,2014/2015,Bayern München,Hertha BSC,H,1,0,D,0,0,N/A,N/A,N/A,N/A,N/A,N/A,16,7,0,79,5,13,0,0,8,3,0,21,2,7,1,0
2015-04-25,Germany,Bundesliga,LEAGUE,2014/2015,Hannover 96,Hoffenheim,A,1,2,D,1,1,N/A,N/A,N/A,N/A,N/A,N/A,12,5,0,50,2,24,5,0,13,4,0,50,6,19,2,0
2015-04-26,Germany,Bundesliga,LEAGUE,2014/2015,Borussia M'gladbach,Wolfsburg,H,1,0,D,0,0,N/A,N/A,N/A,N/A,N/A,N/A,19,5,0,60,4,9,2,0,9,0,0,40,5,14,2,0
2015-04-26,Germany,Bundesliga,LEAGUE,2014/2015,Paderborn,Werder Bremen,D,2,2,H,2,1,N/A,N/A,N/A,N/A,N/A,N/A,20,8,0,39,14,22,1,1,13,6,0,61,6,28,1,0
2015-05-02,Germany,Bundesliga,LEAGUE,2014/2015,Schalke 04,Stuttgart,H,3,2,D,1,1,N/A,N/A,N/A,N/A,N/A,N/A,21,6,0,65,5,14,1,0,15,7,0,35,4,14,0,0
2015-05-02,Germany,Bundesliga,LEAGUE,2014/2015,Hoffenheim,Borussia Dortmund,D,1,1,D,1,1,N/A,N/A,N/A,N/A,N/A,N/A,15,4,0,50,8,15,1,0,11,3,0,50,5,19,3,0
2015-05-02,Germany,Bundesliga,LEAGUE,2014/2015,Bayer Leverkusen,Bayern München,H,2,0,D,0,0,N/A,N/A,N/A,N/A,N/A,N/A,20,8,0,43,12,26,1,0,9,5,0,57,4,15,4,0
2015-05-02,Germany,Bundesliga,LEAGUE,2014/2015,Augsburg,Köln,D,0,0,D,0,0,N/A,N/A,N/A,N/A,N/A,N/A,16,3,0,63,8,11,0,0,6,1,0,37,5,16,0,0
2015-05-02,Germany,Bundesliga,LEAGUE,2014/2015,Wolfsburg,Hannover 96,D,2,2,H,2,0,N/A,N/A,N/A,N/A,N/A,N/A,20,4,0,63,5,9,1,0,14,8,0,37,5,15,1,0
2015-05-02,Germany,Bundesliga,LEAGUE,2014/2015,Freiburg,Paderborn,A,1,2,H,1,0,N/A,N/A,N/A,N/A,N/A,N/A,15,5,0,62,8,10,1,0,14,6,0,38,6,12,3,0
2015-05-02,Germany,Bundesliga,LEAGUE,2014/2015,Werder Bremen,Eintracht Frankfurt,H,1,0,D,0,0,N/A,N/A,N/A,N/A,N/A,N/A,16,7,0,41,10,22,2,0,15,5,0,59,5,15,2,0
2015-05-03,Germany,Bundesliga,LEAGUE,2014/2015,Hertha BSC,Borussia M'gladbach,A,1,2,D,1,1,N/A,N/A,N/A,N/A,N/A,N/A,10,3,0,27,3,15,2,0,18,7,0,73,3,10,3,0
2015-05-03,Germany,Bundesliga,LEAGUE,2014/2015,Mainz 05,Hamburger SV,A,1,2,A,0,1,N/A,N/A,N/A,N/A,N/A,N/A,9,5,0,62,8,12,4,1,13,5,0,38,2,13,2,0
2015-05-08,Germany,Bundesliga,LEAGUE,2014/2015,Hamburger SV,Freiburg,D,1,1,A,0,1,N/A,N/A,N/A,N/A,N/A,N/A,16,8,0,55,5,16,0,0,15,7,0,45,6,16,1,0
2015-05-09,Germany,Bundesliga,LEAGUE,2014/2015,Stuttgart,Mainz 05,H,2,0,D,0,0,N/A,N/A,N/A,N/A,N/A,N/A,18,7,0,50,7,16,2,0,7,2,0,50,2,19,1,0
2015-05-09,Germany,Bundesliga,LEAGUE,2014/2015,Hannover 96,Werder Bremen,D,1,1,H,1,0,N/A,N/A,N/A,N/A,N/A,N/A,12,3,0,55,8,16,4,0,9,3,0,45,1,19,1,0
2015-05-09,Germany,Bundesliga,LEAGUE,2014/2015,Eintracht Frankfurt,Hoffenheim,H,3,1,H,3,0,N/A,N/A,N/A,N/A,N/A,N/A,13,4,0,41,1,21,3,0,8,5,0,59,1,25,3,0
2015-05-09,Germany,Bundesliga,LEAGUE,2014/2015,Bayern München,Augsburg,A,0,1,D,0,0,N/A,N/A,N/A,N/A,N/A,N/A,16,4,0,71,4,13,2,1,12,4,0,29,5,15,1,0
2015-05-09,Germany,Bundesliga,LEAGUE,2014/2015,Borussia M'gladbach,Bayer Leverkusen,H,3,0,D,0,0,N/A,N/A,N/A,N/A,N/A,N/A,10,7,0,48,6,15,2,0,18,2,0,52,10,15,3,0
2015-05-09,Germany,Bundesliga,LEAGUE,2014/2015,Borussia Dortmund,Hertha BSC,H,2,0,H,1,0,N/A,N/A,N/A,N/A,N/A,N/A,14,4,0,47,7,16,2,0,3,0,0,53,3,11,3,0
2015-05-10,Germany,Bundesliga,LEAGUE,2014/2015,Paderborn,Wolfsburg,A,1,3,A,0,2,N/A,N/A,N/A,N/A,N/A,N/A,16,4,0,52,11,9,0,0,10,5,0,48,3,18,3,0
2015-05-10,Germany,Bundesliga,LEAGUE,2014/2015,Köln,Schalke 04,H,2,0,H,1,0,N/A,N/A,N/A,N/A,N/A,N/A,13,6,0,39,5,10,1,0,5,1,0,61,6,16,2,0
2015-05-16,Germany,Bundesliga,LEAGUE,2014/2015,Augsburg,Hannover 96,A,1,2,D,1,1,N/A,N/A,N/A,N/A,N/A,N/A,8,2,0,67,3,20,1,2,8,3,0,33,4,18,4,1
2015-05-16,Germany,Bundesliga,LEAGUE,2014/2015,Werder Bremen,Borussia M'gladbach,A,0,2,D,0,0,N/A,N/A,N/A,N/A,N/A,N/A,19,3,0,32,5,13,0,0,14,4,0,68,4,7,1,0
2015-05-16,Germany,Bundesliga,LEAGUE,2014/2015,Bayer Leverkusen,Hoffenheim,H,2,0,H,1,0,N/A,N/A,N/A,N/A,N/A,N/A,13,4,0,56,4,20,2,0,16,5,0,44,9,15,0,0
2015-05-16,Germany,Bundesliga,LEAGUE,2014/2015,Wolfsburg,Borussia Dortmund,H,2,1,D,1,1,N/A,N/A,N/A,N/A,N/A,N/A,12,8,0,48,6,11,4,0,18,4,0,52,5,12,2,0
2015-05-16,Germany,Bundesliga,LEAGUE,2014/2015,Schalke 04,Paderborn,H,1,0,D,0,0,N/A,N/A,N/A,N/A,N/A,N/A,19,2,0,58,10,14,3,0,22,4,0,42,9,14,2,0
2015-05-16,Germany,Bundesliga,LEAGUE,2014/2015,Hertha BSC,Eintracht Frankfurt,D,0,0,D,0,0,N/A,N/A,N/A,N/A,N/A,N/A,9,2,0,38,4,20,3,0,1,0,0,62,4,26,5,0
2015-05-16,Germany,Bundesliga,LEAGUE,2014/2015,Stuttgart,Hamburger SV,H,2,1,H,2,1,N/A,N/A,N/A,N/A,N/A,N/A,22,11,0,54,9,10,1,0,7,1,0,46,2,21,5,0
2015-05-16,Germany,Bundesliga,LEAGUE,2014/2015,Freiburg,Bayern München,H,2,1,D,1,1,N/A,N/A,N/A,N/A,N/A,N/A,9,3,0,23,2,16,1,0,19,6,0,77,10,15,0,0
2015-05-16,Germany,Bundesliga,LEAGUE,2014/2015,Mainz 05,Köln,H,2,0,D,0,0,N/A,N/A,N/A,N/A,N/A,N/A,18,6,0,56,2,15,1,0,12,4,0,44,5,14,3,0
2015-05-23,Germany,Bundesliga,LEAGUE,2014/2015,Paderborn,Stuttgart,A,1,2,D,1,1,N/A,N/A,N/A,N/A,N/A,N/A,15,5,0,52,2,12,2,0,18,3,0,48,8,18,2,0
2015-05-23,Germany,Bundesliga,LEAGUE,2014/2015,Bayern München,Mainz 05,H,2,0,H,1,0,N/A,N/A,N/A,N/A,N/A,N/A,20,7,0,74,5,11,0,0,7,5,0,26,3,11,0,0
2015-05-23,Germany,Bundesliga,LEAGUE,2014/2015,Hannover 96,Freiburg,H,2,1,H,1,0,N/A,N/A,N/A,N/A,N/A,N/A,11,6,0,43,3,17,3,0,10,4,0,57,5,15,2,0
2015-05-23,Germany,Bundesliga,LEAGUE,2014/2015,Hamburger SV,Schalke 04,H,2,0,D,0,0,N/A,N/A,N/A,N/A,N/A,N/A,10,4,0,54,3,15,1,0,12,4,0,46,6,18,2,0
2015-05-23,Germany,Bundesliga,LEAGUE,2014/2015,Borussia M'gladbach,Augsburg,A,1,3,H,1,0,N/A,N/A,N/A,N/A,N/A,N/A,10,3,0,43,1,13,4,1,15,4,0,57,6,17,2,0
2015-05-23,Germany,Bundesliga,LEAGUE,2014/2015,Eintracht Frankfurt,Bayer Leverkusen,H,2,1,H,2,1,N/A,N/A,N/A,N/A,N/A,N/A,8,3,0,42,3,20,2,0,18,7,0,58,8,14,0,0
2015-05-23,Germany,Bundesliga,LEAGUE,2014/2015,Hoffenheim,Hertha BSC,H,2,1,H,1,0,N/A,N/A,N/A,N/A,N/A,N/A,16,5,0,71,1,14,2,0,4,1,0,29,2,18,2,0
2015-05-23,Germany,Bundesliga,LEAGUE,2014/2015,Borussia Dortmund,Werder Bremen,H,3,2,H,3,1,N/A,N/A,N/A,N/A,N/A,N/A,23,8,0,66,9,10,0,0,8,5,0,34,1,3,0,0
2015-05-23,Germany,Bundesliga,LEAGUE,2014/2015,Köln,Wolfsburg,D,2,2,A,1,2,N/A,N/A,N/A,N/A,N/A,N/A,12,3,0,36,4,14,0,0,15,5,0,64,8,11,0,0
